Card Name,Fee,Min Income,Reward Type,Base Rate,Online Rate,Dining Rate,Travel Rate,Lounge Access,Monthly Cap,Image_URL,Apply_Link,Pro_Reason,Con_Reason
SBI Cashback,999,25000,Cashback,1.0,5.0,1.0,1.0,No,5000,https://www.paisabazaar.com/wp-content/uploads/2024/12/Millennia-Credit-Card_1.jpg,https://www.sbicard.com/en/personal/credit-cards/rewards/cashback-sbi-card.page,Best for flat 2% cashback on offline spends.,No lounge access and capped utility rewards.
HDFC Millennia,1000,30000,Cashback,1.0,5.0,1.0,1.0,Yes,1000,https://www.paisabazaar.com/wp-content/uploads/2024/12/Millennia-Credit-Card_1.jpg,https://www.sbicard.com/en/personal/credit-cards/rewards/cashback-sbi-card.page,Unbeatable 5% cashback on almost all online sites.,Capped rewards limit may restrict high spenders.
Axis Ace,499,25000,Cashback,2.0,2.0,2.0,2.0,Yes,999999,https://www.paisabazaar.com/wp-content/uploads/2024/12/Millennia-Credit-Card_1.jpg,https://www.hdfcbank.com/personal/pay/cards/millennia-cards/millennia-credit-card,"Great 5% cashback on Amazon, Flipkart & Uber.","Rewards are capped at 1000 points per category."
HDFC Infinia,12500,100000,Points,3.3,3.3,3.3,16.5,Yes,999999,https://www.paisabazaar.com/wp-content/uploads/2024/12/Millennia-Credit-Card_1.jpg,https://www.hdfcbank.com/personal/pay/cards/millennia-cards/millennia-credit-card,Best for premium users with high travel rewards.,High annual fee may not be suitable for all
Amex Platinum Travel,5000,50000,Milestone,1.0,1.0,1.0,1.0,Yes,999999,https://www.hdfcbank.com/content/api/contentstream-id/723fb80a-2dde-42a3-9793-7ae1be57c87f/0593a20f-298a-4c28-89c0-998a442b5887/Millennia%20Credit%20Card%20711x445.png,https://www.hdfcbank.com/personal/pay/cards/millennia-cards/millennia-credit-card,Excellent for frequent travelers with lounge access.,Limited reward rate on non-travel spends.
IDFC First WOW,0,0,Cashback,0.5,0.5,0.5,0.5,No,999999,https://www.hdfcbank.com/content/api/contentstream-id/723fb80a-2dde-42a3-9793-7ae1be57c87f/0593a20f-298a-4c28-89c0-998a442b5887/Millennia%20Credit%20Card%20711x445.png,https://www.hdfcbank.com/personal/pay/cards/millennia-cards/millennia-credit-card,No annual fee with decent cashback on all spends.,Lower reward rates compared to other cards.
Tata Neu Infinity,1499,30000,NeuCoins,1.5,5.0,1.5,1.5,Yes,999999,https://www.hdfcbank.com/content/api/contentstream-id/723fb80a-2dde-42a3-9793-7ae1be57c87f/0593a20f-298a-4c28-89c0-998a442b5887/Millennia%20Credit%20Card%20711x445.png,https://www.hdfcbank.com/personal/pay/cards/millennia-cards/millennia-credit-card,Great for Tata ecosystem shoppers.,Annual fee may deter occasional users
Standard Chartered Smart,499,20000,Cashback,2.0,2.0,2.0,2.0,No,1000,https://www.hdfcbank.com/content/api/contentstream-id/723fb80a-2dde-42a3-9793-7ae1be57c87f/0593a20f-298a-4c28-89c0-998a442b5887/Millennia%20Credit%20Card%20711x445.png,https://www.hdfcbank.com/personal/pay/cards/millennia-cards/millennia-credit-card,Simple and effective cashback card for everyday use.,Capped rewards limit.
ICICI Coral,999,30000,Points,1.0,2.0,3.0,1.0,Yes,999999,https://www.hdfcbank.com/content/api/contentstream-id/723fb80a-2dde-42a3-9793-7ae1be57c87f/0593a20f-298a-4c28-89c0-998a442b5887/Millennia%20Credit%20Card%20711x445.png,https://www.hdfcbank.com/personal/pay/cards/millennia-cards/millennia-credit-card,Balanced rewards across categories with lounge access.,Annual fee may be high for some users.
HDFC Regalia,2500,50000,Points,2.5,2.5,2.5,5.0,Yes,999999,https://www.hdfcbank.com/content/api/contentstream-id/723fb80a-2dde-42a3-9793-7ae1be57c87f/0593a20f-298a-4c28-89c0-998a442b5887/Millennia%20Credit%20Card%20711x445.png,https://www.hdfcbank.com/personal/pay/cards/millennia-cards/millennia-credit-card,Excellent for travelers with high reward rates.,Higher fee may not suit all budgets
Amazon Pay ICICI,499,25000,Cashback,1.0,5.0,1.0,1.0,No,999999,https://www.paisabazaar.com/wp-content/uploads/2024/12/Millennia-Credit-Card_1.jpg,https://www.hdfcbank.com/personal/pay/cards/millennia-cards/millennia-credit-card,Best for Amazon shoppers with high cashback.,Limited rewards outside Amazon ecosystem.
HDFC Freedom,0,0,Cashback,1.0,1.0,1.0,1.0,No,999999,https://www.paisabazaar.com/wp-content/uploads/2024/12/Millennia-Credit-Card_1.jpg,https://www.hdfcbank.com/personal/pay/cards/millennia-cards/millennia-credit-card,No annual fee with consistent cashback.,Lower reward rates compared to premium cards.
HDFC Diners Club Black,10000,100000,Points,4.0,4.0,4.0,12.0,Yes,999999,https://www.hdfcbank.com/content/api/contentstream-id/723fb80a-2dde-42a3-9793-7ae1be57c87f/0593a20f-298a-4c28-89c0-998a442b5887/Millennia%20Credit%20Card%20711x445.png,https://www.hdfcbank.com/personal/pay/cards/millennia-cards/millennia-credit-card,Premium card with top-tier rewards and benefits.,High annual fee limits accessibility.

